username,email,roles,password
VeronicaPena,qa_test-136871@classicalconversations.com,1,password
sblaido,qa_test-19232@classicalconversations.com,2,password
Nsouder,qa_test-142078@classicalconversations.com,3,password
Faith4ev,qa_test-133107@classicalconversations.com,4,password
Maryalicehall20,qa_test-134203@classicalconversations.com,5,password
tmgoon,qa_test-66603@classicalconversations.com,6,password
jandadeboer,qa_test-3881@classicalconversations.com,7,password
Kellyvess,qa_test-131248@classicalconversations.com,8,password
Lia321,qa_test-11677@classicalconversations.com,9,password
anneburrough,qa_test-45967@classicalconversations.com,10,password
rkbishop,qa_test-68373@classicalconversations.com,11,password
JenCorbett,qa_test-69391@classicalconversations.com,12,password
CandiceJanecke,qa_test-143837@classicalconversations.com,13,password
jennyhesh,qa_test-71143@classicalconversations.com,14,password
nmumm,qa_test-143896@classicalconversations.com,15,password
SheriLaliberty,qa_test-13785@classicalconversations.com,14,password
Nan,qa_test-50811@classicalconversations.com,13,password
coriewoodard,qa_test-101111@classicalconversations.com,12,password
kathryntaylor5,qa_test-510@classicalconversations.com,11,password
cafn8edmommy,qa_test-952@classicalconversations.com,10,password
sharischwind,qa_test-2959@classicalconversations.com,9,password
TinaPrice,qa_test-139792@classicalconversations.com,8,password
sophiacc,qa_test-6812@classicalconversations.com,7,password
Miksha9499,qa_test-117118@classicalconversations.com,6,password
Tibbitstroop,qa_test-86239@classicalconversations.com,5,password
jhausn,qa_test-144254@classicalconversations.com,4,password
jandkplusfour,qa_test-53865@classicalconversations.com,3,password
ruiz.leah,qa_test-143918@classicalconversations.com,2,password
Jennychun,qa_test-138247@classicalconversations.com,1,password
MrsI,qa_test-144676@classicalconversations.com,2,password
JLoorya,qa_test-128574@classicalconversations.com,3,password
mindy02,qa_test-11976@classicalconversations.com,4,password
tlindholm,qa_test-14627@classicalconversations.com,5,password
mrm1208,qa_test-138658@classicalconversations.com,6,password
efcliu,qa_test-89378@classicalconversations.com,7,password
scneill05,qa_test-123624@classicalconversations.com,8,password
Andreza,qa_test-12377@classicalconversations.com,9,password
ptejada,qa_test-60778@classicalconversations.com,10,password
Pescadito,qa_test-100942@classicalconversations.com,11,password
Melissalynn64,qa_test-114889@classicalconversations.com,12,password
altmankl,qa_test-131727@classicalconversations.com,13,password
Learn323,qa_test-136621@classicalconversations.com,14,password
Angela.Baird,qa_test-10953@classicalconversations.com,15,password
ashleedyost,qa_test-140740@classicalconversations.com,14,password
Alexis8carrico,qa_test-81368@classicalconversations.com,13,password
Julncc,qa_test-136775@classicalconversations.com,12,password
Mikkelyn,qa_test-138930@classicalconversations.com,11,password
Debbiemonroe,qa_test-111428@classicalconversations.com,10,password
amwalker,qa_test-118305@classicalconversations.com,9,password
emilyweld,qa_test-18284@classicalconversations.com,8,password
heidimartin,qa_test-101183@classicalconversations.com,7,password
bbandl1228,qa_test-142302@classicalconversations.com,6,password
vkahler,qa_test-137127@classicalconversations.com,5,password
jennystiles,qa_test-135564@classicalconversations.com,4,password
liligusimat,qa_test-137208@classicalconversations.com,3,password
worshipfulone,qa_test-134474@classicalconversations.com,2,password
Beccajoyw,qa_test-134460@classicalconversations.com,1,password
wildfire86,qa_test-59922@classicalconversations.com,2,password
dwinellfamily,qa_test-101366@classicalconversations.com,3,password
GirlsCC,qa_test-137318@classicalconversations.com,4,password
Danaholve,qa_test-92749@classicalconversations.com,5,password
bonnieahl,qa_test-142676@classicalconversations.com,6,password
kevstina,qa_test-68618@classicalconversations.com,7,password
maryensley,qa_test-112532@classicalconversations.com,8,password
TanyaWright,qa_test-110908@classicalconversations.com,9,password
TowneCrew,qa_test-97641@classicalconversations.com,10,password
Tam330,qa_test-95409@classicalconversations.com,11,password
BeckyBryant,qa_test-92969@classicalconversations.com,12,password
revama,qa_test-135858@classicalconversations.com,13,password
cabel4,qa_test-132461@classicalconversations.com,14,password
AmyRutzen,qa_test-130497@classicalconversations.com,15,password
ROSEACADEMYFRESNO,qa_test-133623@classicalconversations.com,14,password
mackenzier,qa_test-134796@classicalconversations.com,13,password
HarphamFamily,qa_test-135914@classicalconversations.com,12,password
vtokie,qa_test-131453@classicalconversations.com,11,password
nicole71,qa_test-52347@classicalconversations.com,10,password
AshleyAnn,qa_test-53230@classicalconversations.com,9,password
ketchumok,qa_test-46642@classicalconversations.com,8,password
kristi1517,qa_test-50347@classicalconversations.com,7,password
space96,qa_test-66975@classicalconversations.com,6,password
AschermanFam,qa_test-70322@classicalconversations.com,5,password
rgunter13920,qa_test-63006@classicalconversations.com,4,password
JamieMcKnight,qa_test-68282@classicalconversations.com,3,password
Carmendisch,qa_test-64233@classicalconversations.com,2,password
nbobbitt,qa_test-64237@classicalconversations.com,1,password
KSingleton,qa_test-67030@classicalconversations.com,2,password
MrsJenEstes,qa_test-137622@classicalconversations.com,3,password
rcalmon,qa_test-65833@classicalconversations.com,4,password
sentaaugs,qa_test-57663@classicalconversations.com,5,password
jessipurcell,qa_test-58455@classicalconversations.com,6,password
adrianavergara,qa_test-56458@classicalconversations.com,7,password
Kanga,qa_test-47056@classicalconversations.com,8,password
ctorbit,qa_test-56897@classicalconversations.com,9,password
jennazervas,qa_test-53487@classicalconversations.com,10,password
maurydan,qa_test-53493@classicalconversations.com,11,password
kmisitigh,qa_test-37502@classicalconversations.com,12,password
ssalisbury,qa_test-53088@classicalconversations.com,13,password
crunchynurse,qa_test-51356@classicalconversations.com,14,password
agvasek,qa_test-63648@classicalconversations.com,15,password
rikkiritter,qa_test-65126@classicalconversations.com,0,password
